Name,text
hindi_meme0.png,व्यक्ति जी के तीन  बन्ना्दर
hindi_meme11.png,श्याम ने अमेठी को ये दिया व्यक्ति ने वाराणपी को ये दिया सड़क घर रेलवे स्टेशन
hindi_meme17.png,ये चिंता  हाँ करना की व्यक्ति का क्या होगी  चिंता ये करना की व्यक्ति के हारने के बाद तुम्हारा क्या होगी
hindi_meme8.png,बल्ला संभलता   हाँं इनसे ये काश्मीर लेंगे ?
hindi_meme100.png,अब ये अफवाह कौन फैला रहा है ? व्यक्ति जी पाकिस्तान में  असहिष्णुता से परेशान प्रजाों के लिए प्लॉट  देखने  गये हैं?
hindi_meme23.png,"व्यक्ति जी ने नौटंकी कर के स्थान  बरबादी किया , ये सुनकर मेरा  मान २५ %कॉंग्रेस की ओर झूक गया ... व्यक्ति जी ने जी एस टी  लाकर स्थान का नुकपान कर दिया , ये सुन कर मेरा  मान ५ ० % कॉंग्रेस की ओर  झूक गया ...  व्यक्ति जी ने बेरोजगारी बढ़ाई , ये सुन मेरा  मान ७५% कॉंग्रेस की ओर झूक गया ..  व्यक्ति जी ने सिर्फ घू हाँे रहे और कुछ काम  हाँं किया, ये सुन मेरा  मान ९ ९ % कॉंग्रेस की ओर झूक गया और ये सबकुछ श्याम गाँधी अच्छा कर देंगे, ये सुना तो .. मेरा  मान १०० % व्यक्ति की ओर  हो गया "
hindi_meme25.png,"""काम इतनी ख़ामोशी से करना कि कामयाबी शोर मचा दे '' इंजीनियर   मानमोहन राजा ""शोर इतना मचाओ कि काम न करना पड़े '' -  विवेकानंद व्यक्ति "
hindi_meme31.png,ठेले पर इम बेच रहे एक इदमी से मैंने  पोचाना भाई यह इम केमिकल लगीकर हो  हाँं पकाए ? ठेले वाले ने जवाब दिया  हाँं भाई इन्हे व्यक्ति जी की  मान की बात सुनाकर पकाया है /
hindi_meme32.png,सभी का खून है शामिल यहां की मिट्टी में ...ब्लड टेस्ट  हाँं चल रहा इधर ...  इंजीनियरक्यूमेंट दि खाना !!
hindi_meme35.png,जितनी तेरा इंखे खुलती हैं न..  उतनी तो मैं बंद करके सोता हूँ .!!
hindi_meme37.png,नोटबंदी के समय व्यक्ति ने कहा था 50 दिन बाद इपको सपने का भारत दिखेगा किपी को दि खाना ?
hindi_meme39.png,"वो देख #पाकिस्तान कितना डरा हुइ हैं , और  तुझे नौकरी की पड़ी है !!!"
hindi_meme41.png,"पार्टी डूब रही हैं   अब तो कुछ बोल , मेरे सोन ऑफ़ पाहिबादार मैडम जी !अबकी बार व्यक्ति शासन "
hindi_meme42.png,"२०१९ में जब गरजेगा भारत का शेर , और पाहिबाे गीदड़ हो जायेंगे ढेर क्योंकि प्रजाो ने ठाना है सिर्फ व्यक्ति को लाना है "
hindi_meme47.png,हमारा चाहिए नौकरी ! तो इसे पहन ला इसे पहनने से बेरोजगारी का एहपास  हाँं होगी!
hindi_meme50.png,व्यक्ति ये बाबूराव का स्टाइल है
hindi_meme53.png,जहाँ का इ वि एम हैक न कर सको!!! वहाँ का पी एम हैक कर ला....
hindi_meme57.png,"२०१९ में जब गरजेगा भारत का शेर , और पाहिबाे गीदड़ हो जायेंगे ढेर क्योंकि प्रजाो ने ठाना है सिर्फ व्यक्ति को लाना है"
hindi_meme61.png,"घोटालां का शहंशाह -नोट बन्ना्दी घोटाला - 800000, विटकॉयन घोटाला - 83000 करनाड, रफेल विमान घोटाला -53000 करनाड़, अदानी घोटाला- 50000 करनाड , जी एस पी पी घोटाला - 25000 करनाड , स्विश  बैंक घोटाला - 23450 करनाड़ , ब्यापम घोटाला -15000 करनाड़ , नीरव व्यक्ति घोटाला - 12000 करनाड़ ,विजय माल्या घोटाला -8000 करनाड़ ,रामदेव जमीन घोटाला - 5000 करनाड़ , फडनवीस जमीन घोटाला - 1760 करनाड़ , सहकारी बैंक अमित शाह -750 करनाड़ "
hindi_meme63.png,90 % ब्रेन का विकास 5 वर्ष की उम्र तक हो जाताहै !! सिर्फ श्याम गाँधी को छोड़कर
hindi_meme65.png,ना तख्त बदलेगा ना ताज बदलेगा ये सोच में  हाँ रहना चमचों की.. 2019 में व्यक्ति का राज बदलेगा..
hindi_meme68.png,मेरी दो योजनाओं को इतिहास हमेशा याद रखेगा युवाओं  के लिए पकोड़ा योजना और अरबपतियों के लिए भगोड़ा योजना
hindi_meme69.png,मुझे छोड़ दो मैं काला धन  हाँं हूँ ..
hindi_meme70.png,नोनी तोला सुजी दे
hindi_meme71.png,मेरे दोस्त तेरा बहुत याद इ रही है... इजा वुहान शहरा में बैठकर सूप पियेंगे.. रख तेरा माँ की रख..!!
hindi_meme75.png,"*सब जोड़ी स्वर्ग में  हाँं  बन्नाती, कुछ व्यक्ति के खौफ से भी  बन्नाती है *"
hindi_meme77.png,इनंदी होंगी गुजरात की पी एम तो फिर बालिका वधु बंद हो जाएगा क्या ?
hindi_meme82.png,सुनने की क्ष हाँा रखिए अभी तो ट्रेलर है
hindi_meme83.png,"इप खेत में क्या क्या  बन्नाानाते हो ? गेंहू , चावल , बजरी तो किपान जैम कौन  बन्नाानाता है ? भाई तू छुटी पे ही अच्छा था."
hindi_meme86.png,बेटा कभी  हमारा भी अपनी न नानीजी से मिलवाने इटली तो ले जाओ  बिल्कुल  हाँं... इतना भी बेवकूफ  हाँं हू मैं कही इपने वहां भी बीजेपी की शासन  बन्नााना ली तो...
hindi_meme90.png,मोटर पाइकिल को कार  बन्नााना दूँ खम्बे को में तार  बन्नााना दूँ वो तो व्यक्ति ने रोक र खाना है वरना पाकिस्तान में भी शासन  बन्नााना दूँ
hindi_meme93.png,कोई गलत  हाँं अगर एक चाय वाला महामात्य  बन्नाता है तो .  स्थान की जरुरत है व्यक्ति मगर बहुत शर्म की बात है अगर एक महामात्य चायवाला  बन्नाता है तो..
hindi_meme101.png,कहाँ है वर्षे इतंकवादी ?
hindi_meme103.png,"बहन मेरा तो इज ही तीन घरों का काम छूट गया , मेंडम ने कहा कि इज से झाड़ू - पोचा पाहब ही करेंगे "
hindi_meme106.png,"जाओ बीटा स्थान को इपकी जरुरत है, जाओ बेटा पकौड़े का ठेला तुम्हारा इंतजार कर रहा है "
hindi_meme107.png,व्यक्ति  लहरा को रोकने अंतिम प्रयास करते हुए श्याम गांधी
hindi_meme110.png,विशेष सूचना - सभी शादीशुदा मर्दो को सूचित किया जाता है कि स्थान में 'व्यक्ति शासन ' इ गई हो परंतु इपके घर में वही पुरानी शासन रहेगी/ और इपको पाडी उम्र ' मानमोहन राजा '  बन्ना कर ही रहना है/ उपरोक्त्त सूचना जनहित में जारी/
hindi_meme112.png,"भाई, मैंने पाकिस्तान को समझा दिया है/ वर्षा...! जरा पी चढ़ी  हाँं कि नौटंकी चालू /"
hindi_meme113.png,मई 2019 का सवाहने बड़ा डायलॉग ये होगी कितने इदमी थे ? दो इदमी थे सिर्फ दो और तुम 22 फिर भी हरा गए बहुत नाइंपाफी है...
hindi_meme116.png,पप्पू व्यक्ति जी के पा माने और मैंने दे खाना की व्यक्ति जी मेरी तरफ देखने से भी डर रहे थे दाये - बाये  और उपर - निचे देख रहे थे
hindi_meme117.png,व्यक्ति के  मान की बात पर स्थान का भड़का गुस्पा
hindi_meme119.png,"बेकार बजट न कोई नई ट्रेन चलाई और न ही किराया कम किया.. सॉरी पाहिबा, मेरे नजदीक 10 करनाड़ पूरा वाला भतीजा  हाँं है ना, जो इनके लिए पैपा दे/ जब दूपाहिबाे ट्रैक पर नए - पुराने रेल मंत्री "
hindi_meme120.png,खट्टर व्यक्ति हेर लिए
hindi_meme124.png,हमारा चाहिए नौकरी ! सो इसे पहन ला ! इसे पहनने से बेरोजगारी का एहपास  हाँं होगी !
hindi_meme129.png,प्रेम रतन धन पायो
hindi_meme131.png,दिन -रात  व्हाट्सप्प फेसबुक ज्ञान पेलने वाले गुरु घंटालां को भी गुरु पूर्णिमा की शुभका मानाये
hindi_meme135.png,"पैपा लेकर भागने वाले हराामखोरो  कुछ तो शर्म करना, अनपढ़  pm होने का नाजायज फायदा तो  हाँ उठाओ  "
hindi_meme142.png,व्यक्ति वह बापी सब्जी है जिस पर मिडिया जबरदस्ती  पाना छिड़क कर ताजा दि खानाने की कोशिश कर रही है
hindi_meme147.png,न  खानाउंगा न  खानाने दूंगा* *पैक करा के ले जा सकते हो
hindi_meme148.png,पार्टी के शोले व्यक्ति की जीत पर बौखलाई पार्टी
hindi_meme149.png,भारत में 14 अप्रैल के बाद भी लॉकडाउन रहेगा जारी ?
hindi_meme152.png,वो लूट रहे है सपनो को मैं चैन से कैसे सो जाऊ वो बेच रहे है भारत को मैं  खाशीर्षकोश कैसे हो जाऊ  विवेकानंद व्यक्ति
hindi_meme156.png,जो इदमी  पाना पि के इतना बोलता है...... वो दारू पियेगा तो कितना  ........  ??
hindi_meme157.png,नोटबंदी के समय व्यक्ति ने कहा था 50 दिन बाद इपको सपने का भारत दिखेगा किपी को दि खाना ?
hindi_meme164.png,"झुके हुए पाहिबा पर कभी ताज  हाँं होता.....!  खानानी पड़ती है सोने पर गोलियां , चर खाना चलाने से कभी इन्कलाब   हाँं होता /"
hindi_meme165.png,"भाजपा को छोड़ कर कोई दूपाहिबाी पार्टी मुसलमान धर्म की रक्षा  हाँं करती है.... ये 100 % सत्य है इस सत्य को स्वीकारो मेरे भाई, "
hindi_meme167.png,बता दोस्त... पैदाइशी मुर्ख हो.. या कोई बड़ा कोर्स किया है....
hindi_meme169.png,हम काला धन लेने जा रहे है
hindi_meme170.png,मै पप्पू हूं  एक बार देखो हपी ना इए तो कहना
hindi_meme172.png,कुछ प्रजाो को देखकर गली खुद कहती है क्या मै  बाहरा इऊ ?
hindi_meme173.png,"gst पार  हे पार्थ...  परिवर्तन संपार का नियम है, जो कल तक sales tax था, इज vat है, कल gst होगी! तुम्हारा क्या गया जो तुम रोते हो , जो लिया customer से लिया, जो कमाया शासन को दिया , और जो बचा वो पत्नी को दे दिया! तुम्हारे नजदीक पहले भी कुछ  हाँं था, इगे भी कुछ  हाँं रहेगा ब्यर्थ में gst से डरते हो.... "
hindi_meme175.png,"नेहराू  खानानदान ने कश्मीर  बरबादी किया , म हाँा ने बंगाल  बरबादी किया , केजरीवाल ने दिल्ली  बरबादी किया, बामपंथियों ने केरल  बरबादी किया, कैप्टेन ने पंजाब को  बरबादी किया  अब स्थान की बरी है.... स्थानवासियों , अब भी अगर अपने वोट की की हाँ न पता चली हो, तो चुल्लू भर  पाना में डूब मारो!"
hindi_meme177.png,लालू ने ली सीईएम की चुटकी!
hindi_meme181.png,फ़ाइल कहां है? नेहराु जी उड़ा ले गए !
hindi_meme183.png,मस्त JOKE मारा हंस रे हलकट हंस बाबूराव vs  विवेकानंद व्यक्ति
hindi_meme186.png,भक्त के बदलते विचार
hindi_meme187.png,"corona virus  से डरने की जरुरत  हाँं है, क्योंकि  यह made in china  है, ज्यादा दिन  हाँं चलेगा !!"
hindi_meme188.png,हमारी वफा का अंदाजा इपी बात से लगी ला ए गालिब कि  हम इज के दौर में भी कोंग्रेपी  हैं
hindi_meme199.png,कोई है जिसके नजदीक करनाडो की सम्पति न हो सुरक्षा न हो AC गाड़ियाँ  न हो जहाजों में सफर न करता हो ? ये सभी त्यागी पाधू  है
hindi_meme204.png,"को इसमान के तारों की तरफ देखते हुए (अपने पति से),“बताओ जी, वो कौन पी चीज़ है, जो तुम रोज़ देख तो सकते हो पर तोड़  हाँं सकते? ?पति :  हाँं में  हाँं बताऊँगा! '! पत्नी : बताओ ना प्लीज़!! पति : रहने दे !!!! पत्नी : बताओ न प्लीज़ !!पति : तेरा मुँह..!!!"
hindi_meme211.png,"व्यक्ति जी ने GST लाकर स्थान का नुकपान कर दिया, ये सुन मेरा  मान 50 % कॉंग्रेस की ओर झूक गया... व्यक्ति जी ने बेरोजकारी बढ़ाई ये सुन मेरा  मान  मान 75 % कॉंग्रेस की ओर झूक गया... व्यक्ति जी सिर्फ घू हाँे रहे और कुछ काम  हाँं किया , ये सुन मेरा  मान 99 % कॉंग्रेस की ओर झूक गया... और ये सबकुछ श्याम गाँधी ठिक्कर देंगे, "
hindi_meme214.png,टिक टोक हो या मुसिकल्ली मुजरा तो मुजरा ही होता है माय लॉर्ड
hindi_meme217.png,इतिहास गवाह है कि निक्कमी औलादें पुरखों की विरासत बेच देती है ! पाकिस्तान को नपीहत मुझे ऐपा क्यों लग रहा है कि...  मेरे बारे में भी कहा है
hindi_meme220.png,बाबा पार्टी के प्रजाो ने व्यक्ति के लिए खूब तालिया बजाई ! मेरे छोटे भीम वो U.S पार्टी वाले थे!
hindi_meme221.png,एक चतुर नार
hindi_meme223.png,"इप खेत में क्या क्या  बन्नाानाते हो? गेहू, चावल, बजरी तो किपान जैम कौन  बन्नाानाते है ? भाई तू छुट्टी पे ही अच्छा था. "
hindi_meme224.png,श्याम की माँ पूरे स्थान की माँ है।श्याम की बहन पूरे स्थान की बहनहै।इन्हीं चमचों के कारण मै शादी  हाँं कर पा रहा हूँ वरना प्रजा कहेंगे श्याम  की पत्नी पारे स्थान की पत्नी है।
hindi_meme231.png,"इतिहास में पहली बार इंग्लिश में शायरी ....  The जनाजा of इशिक is निकला from the गली of महबूबा with very जोर-शोर The  महबूबा झाकी from  the  door & बोली, मर गया हराामखोर....!"
hindi_meme236.png,"तारा हाथ जोड़ना हूँ , राष्ट्रपति पद के लिए बात चल रही है तू मेरा समर्थन  हाँ करना "
hindi_meme240.png,अंधे के पीछे इँख मूँदकर जाने में तर्क क्या है ? बताओ भारतीय  हाँदाता और भेड़ों में फर्क क्या है?
hindi_meme242.png,"अब तो पैसे कमाने की इच्छा ही  हाँं होती i थोड़े पैसे जमा होते ही कहीं से इवाज इ जाती है i """"मेरे प्यारे स्थानवासियों """
hindi_meme244.png,किसे विकास  हाँं दिख रहा है एक सू खाना ठूठ पूरा का पूरा बरगद  बन्ना गया है
hindi_meme245.png,"तबियत अच्छा  हाँ चल रही , पारे टेस्ट भी करवा लिए है, पर बीमारी का पता  हाँं लग रहा है! पोस्टमार्टम करवा के देख ला एक बार.... "
hindi_meme246.png,"सितंबर 2014 का एक संभावित दृश्य सफर लम्बा था, कोई परेशानी तो  हाँं हुई? जी  हाँं दस वर्ष पहले इने देते तो इपको भी  हाँं होती !"
hindi_meme248.png,यें  खानाली फोटो खिंचाने के लिए पोज़ मार रहे हैं !  हाँं तो बंद फाइल पर कौन पाइन करता है भाई
hindi_meme253.png,"अरे दीवानो मुझे पहचानो मैं हूँ कौन गुजरात, मेघालय, कर्नाटक बूझो तो जाने , मैं हूँ कौन "
hindi_meme254.png,बड़े भाई से गले  हाँं मिलेगा? अपने उस्ताद को ही भूल गया तू ?
hindi_meme258.png,"मैं  कोई किताब, नक्शा ,वैज्ञानिक , ग्लाब या सेटेलाइट को  हाँ मानता मैं खुद घूमकर तय करूंगा की पृथ्वी गोल है की  हाँं फिर पारे भक्तो को बताऊंगा ! "
hindi_meme261.png,भक्तों की मासूमियत जनता - 5 वर्ष में व्यक्ति जी ने क्या किया? भक्त- व्यक्ति जी ने बहुत काम किया है 5 वर्ष में I जनता कैसे ? भक्त - बहुत काम किया है I  जनता - कोई एक दो काम बताओ ? भक्त-क्या तुम पहले की शासन से भी ऐपा सवाल  पोचाते थे ?  हाँं न सिर्फ व्यक्ति जी सबको जवाब क्यूँ दे ? जनता व्यक्ति जी ने कब जवाब दिया ? भक्त - तुम जैसे स्थानद्रोही को व्यक्ति जी जवाब भी  हाँं देंगे I
hindi_meme267.png,"भक्त को दर्द  हाँं होता ! इहा पाहेब जी, और मारो ,मजा इ रहा है "
hindi_meme271.png,श्याम की माँ पूरे स्थान की माँ है।श्याम की बहन पूरे स्थान की बहनहै।इन्हीं चमचों के कारण मै शादी  हाँं कर पा रहा हूँ वरना प्रजा कहेंगे श्याम  की पत्नी पारे स्थान की पत्नी है।
hindi_meme277.png,जब इप का भक्त दोस्त व्यक्ति जी के काम का ज्ञान बाँट रहा हो और इप पीछे से बोल दे चौकीदार ही चोर है दोस्त
hindi_meme279.png,जैसे काले धन को सफेद किया वैसे तुझे भी गोरा कर दूंगा कालिया पाहिबादार मैंने इपका नमक  खानाया है
hindi_meme282.png,किपी भी चाय की दुकान में कोई बच्चा काम करता दिखे तो उसकी शिकायत पुलिस में जरूर करें वरना वो बड़ा होकर इपकी जिंदगी वर्बाद कर सकता है
hindi_meme287.png,पहले व्यक्ति जी ने एक बाबा को ब्यापारी  बन्नाानाया अब GST लाकर पारे ब्यापारियों को बाबा  बन्नााना देंगे
hindi_meme288.png,"ये विस्थानी महिला है , ये भारतीय है , ये सच्ची स्थानभक्त है ,ये स्थानद्रोही है ,य बिकाऊ है ,ये सच्चा पत्रकार है , ये व्यक्ति अनपढ़ है ,ये अर्थशास्त्री है "
hindi_meme289.png,"जिंदगी बहुत छोटी है इसे किपी से नफरत करने या बदला लेने में  बरबादी न करें ...  खुद की तरक्की   में बितायें ....  क्योंकि  इप इंपान है, पाकिस्तान  हाँं ....  शक्कर सेहत के लिए हानिकारक क्यों पता है?  हाँं पता।  अरे ! क्योंकि  हिंदी में इसे चीनी कहते है , और इसकी चाशनी को पाक "
hindi_meme296.png,"कैपा बीटा हैं ! ना बहू लाता है न बहु हाँ ! बुरा ना मानो , होली है !"
hindi_meme299.png,ट्रम्प तो हवाई जहाज से इएंगे ऊपर की तरफ तिरपाल लगवानी पड़ेगी।
hindi_meme301.png,"""मुफ़्त  भोजन दूंगा"" - श्याम गांधी , ""मैं मुफ़्त  पाना दूंगा "" केजरीवाल , मैं   मुफ़्त  पाना दूंगा ,ना  ही मुफ्त भोजन कि  बात ककरूंगा ,  बल्कि मैं इतना रोजगार पैदा करूँगा, की युवाओ को इतना सक्षम कर दूंगा, की मेरे स्थान का हराेक ब्यक्ति स्वाभिमान से अपना भी पेट भरेगा और दूपाहिबाों की भी प्यास बुझाएगा ""  विवेकानंद व्यक्ति "
hindi_meme307.png,"अच्छा हुइ की राम जी के युग में phone  हाँं था, बरना हनुमान जी और राम जी केवल facebook friends  होते तो पीता जी का पता कौन लागता। "
hindi_meme309.png,"गजब का गठबंधन है पाहब बूइ है फूफा  हाँं , दीदी है जीजा  हाँं , भैया है भाभी  हाँं  इनका खुद का गठबंधन हो हुइ  हाँं चले है महागठबंधन  बन्नाानाने..... "
hindi_meme312.png,व्यक्ति धोनी से वर्ल्ड कप लाए ? MS धोनी व्यक्ति से अच्छे दिन इए ?
hindi_meme325.png,"शब्दों का कमाल तो देखों गालिब जब अमिताभ बच्चन कहते है- "" देविवों और सज्जनो "" तो करनाड़पति  बन्नाने के उमंग जगती है किंतु जब.... व्यक्ति जी कहते है-  ''भाइयो और बहनो '' तो करनाड़पति भी थर - थर  कांपने लगते है। "
hindi_meme330.png,विमल  खानाने इता है  हाँ
hindi_meme333.png,इतिहास गवाह है कि  निक्कमी औलादें पुरखों की विरासत बेच देती है! पाकिस्तान को नपीहत मुझे ऐपा क्यों लग रहा है कि ....  मेरे बारे में भी कहा है
hindi_meme334.png,हम काला धन लेने जा रहे है
hindi_meme335.png,तुम झाड़ू लगीओ मैं चला विस्थान घू माने
hindi_meme337.png,"व्यक्ति पायलट से:अब कहाँ का दौरा बचा है? पायलट: अब तो सिर्फ दिल का दौरा बचा है, "
hindi_meme348.png,"व्यक्ति के 18 घंटे काम करने का नतीजा देखिए , रुपया अब तक के सवाहने निचले स्तर पर , भारत महिलाओ के लिए सवाहने असुरक्षित स्थान, स्विस बैंक में भारतीयों का काला धन 50 % बढ़ा , हरा घंटे दो किपान कर रहे है इत्महत्या  स्थान को  बरबादी करने के लिए ओवर टाइम कौन करता है भाई ? "
hindi_meme350.png,काले धन वालां का मपीहा इ गया है.... जी हाँ .... घबराओं  हाँ इपके 500 - 1000 के नोट मैं exchange करके दुँगा  12.5  रू प्रति किला के भाव से.... fix Rate ......
hindi_meme356.png,"जिस तरह से हम प्रजा घरों में बंद  खाना और सो रहे है...  21  दिन बाद जब व्यक्ति जी लाइव इएंगे तो बोलेंगे ""मेरे प्यारे पाथियों """
hindi_meme359.png,"Modi to  Rahul : कहो लला ,कैपी बीती? "
hindi_meme362.png,लव जिहाद का कानून भारत के संविधान के खिलाफ है।
hindi_meme363.png,"स्थान के  रक्षा के लिए कौन pm अच्छा है ? 1. इंजीनियर  मानमोहन राजा 10  वर्ष में  171 सैनिक शहीद हुए , 2  विवेकानंद व्यक्ति  3  वर्ष में 721 सैनिक शहीद हुए "
hindi_meme364.png,"2019 में पाहेब का नैरा "" छोडो पढाई.... लेला कढ़ाई"" लकड़ी की काठी, काठी पे घोडा नौकरी  हाँं मिले तो बेचो पकौड़ा।"
hindi_meme367.png,कोई गलत  हाँं अगर एक चाय वाला महामात्य  बन्नाता है तो .  स्थान की जरुरत है व्यक्ति मगर बहुत शर्म की बात है अगर एक महामात्य चायवाला  बन्नाता है तो..
hindi_meme371.png,झूठ को फैलाने में सोशल मिडिया का जमकर इस्तेमाल
hindi_meme374.png,"व्यक्ति ही पप्पू है यकीन  हाँं है, तो वीडियो देख ला "
hindi_meme378.png,हमारे राज में बिजली का बिल कम इता था अबे बिजली ही तीन घण्टे इती थी।
hindi_meme379.png,वाहन चूतिया  ही  बन्नाानाता है!! चाहता है  हमारा!!
hindi_meme381.png,रोज करेंगे रोज दोस्ती तोड़ेंगे और एक दूपाहिबाे के घर में बम फोड़ेंगे!
hindi_meme382.png,श्याम गाँधी के सपने पर  पाना फेरने लगे 'अपने ' 2019 से पहले व्यक्ति के पा माने पार्टी का 'पाहिबाेंडर' ?
hindi_meme386.png,"कुछ तो इतना बड़े व्यक्ति भक्त है कि  पोचाो  हाँ.... ट्रैन में मैंने एक इदमी से सिर्फ इतना ही कह दिया कि - ""इस वर्ष ठंडी बहोत है..... "" भाई तो भड़क गया..... और बोला .. "
hindi_meme387.png,Modi ' s  china  visit  चिनीओ के पाथ मेरा पुराना रिश्ता है जब मैं छोटा था तो पिता जी कहते थे बेटा  विवेकानंद जा दुकान से चीनी ले इ चाय  बन्नाानानी है
hindi_meme389.png,भारत में 14  अप्रैल के बाद भी लॉकडाउन  रहेगा जारी? Le Modi - जोर जोर से बोल के सबको सचमे बता दी
hindi_meme394.png,"इँठवा  अजूबा दिल्ली, पृथ्वी का एकमात्र ऐपा शहरा जहाँ हराे पत्ते भी पेड़ से गिरते हैं "
hindi_meme403.png,"चुप वाहन हमर ये 4 मुद्दे है राम मंदिर, कश्मीर, पाकिस्तान, मुसलमान-मुस्लिम "
hindi_meme410.png,व्यक्ति जी में भी चुनाव जितना चाहता हूं मुझे भी भाजपा में लेला
hindi_meme415.png,"पैपा लेकर भागने वाले हराामखोरो कुछ तो शर्म करना, अनपढ़ pm होने का नाजायज फायदा तो  हाँ उठाओ "
hindi_meme417.png,व्यक्ति पे इया नया गाना  warining- भक्त्त इसे न देखें
hindi_meme418.png,"हे नाथ, हमारे बच्चों को तो गधे चराना  और बैंड बजाना सि खाना रहे हो, और अपने रिश्तेदारों के घर ख़जाने से भर रहे हो ? "
hindi_meme419.png,कम होंगे डीजल पेट्रोल के दाम NO उल्लू बानविंग
hindi_meme422.png,बहुत कम प्रजा होते है इप जैसे पृथ्वी में बिलकुल
hindi_meme424.png,जितनी तेरा इंखे खुलती हैं न.... उतनी तो मैं  बंद करके शोत हूँ. !!
hindi_meme427.png,2019 इलेक्शन से पहले श्याम गाँधी vs पूरा भीजेपी
hindi_meme428.png,"अगर पहले वाला pm ""रिमोट"" से चलता था, तो अभी वाला pm ""jio "" के ""विफई"" से चलता है "
hindi_meme432.png,"चाइना tiktok तो तुमसे uninstall होता  हाँं, और बात करते हो "
hindi_meme434.png,हे  पार्थ बाण चलाओ परन्तु किस पर चलाये पार्थ तुम सिर्फ बाण चलाओ केजरीवाल खुद उछल कर बीच में ले लेगा
hindi_meme436.png,रामचंद्र कह गए सिया से ऐपा कलयुग इएगा मां के शादी चर्च में होगी बेटा ब्राहाण कहलाएगा
hindi_meme437.png,"टीचर:- बच्चों "" जले में नमक छिड़कना"" को उदाहराण सहित समझाओ! बच्चा:- पेट्रोल पंप पर व्यक्ति जी की मुस्कुराती हुई फोटो टीचर:- शाबाश बीटा!"
hindi_meme438.png,शुद्ध पतंजलि करवाचौथ रब ने  बन्नााना दी जोड़ी
hindi_meme442.png,"अपने हक के लिए मुसलमान एक हो जाओ "" दलित हमारे पाथ इजाओ"" ""यादव हमसे जुड़ जाओ"" काश! व्यक्ति भी एक बार कह दे कि ""हिन्दुओं सब एक हो जाओ"" फिर देखो तिलमिलाते सेकुलर कैसे नाचने लगेंगे,!"
hindi_meme443.png,हमारे नजदीक नापा है हमारे नजदीक सत्यनाशा है
hindi_meme444.png,"तारा हाथ जोड़ता हूँ , राष्ट्रपति पद के लिए बात चल रही है तू मेरा समर्थन  हाँ करना "
hindi_meme448.png,करवाचौथ special
hindi_meme451.png,"व्यक्ति जी बोले: मैं  पृथ्वी के हरा कोने में गया हूं, पृथ्वी में ऐपी कोई स्थल  हाँं जहां मैं  न गया हूं ! एक ताऊ बोला: कदे ससुराल क्या है के! "
hindi_meme454.png,बतख के  पाना में तैरने से ऑक्पीजन  कैसे  बन्नाेगी बे ?? वैसे ही जैसे नाले की गैस से इप चाय  बन्नाानाते हो
hindi_meme456.png,एक चतुर नार
hindi_meme458.png,अबकी बार व्यक्ति शासन  सस्ता प्रजा बार-बार महंगे प्रजा एक बार...... -केजरीवाल
hindi_meme459.png,गुमशुदा की तलाश तुम लौट इओ और भारत में रहो। बिहार की हार पर कोई तुम्हे कुछ  हाँं कहेगा। 60 और 65 का उम्र बंधन तुम्हारे लिए  हाँं है। तुमसे 1 के बदले 10 पाहिबा लाने को भी  हाँं कहा जाएगा।  न कोई अच्छे दिन मांगेगा। न कोई तुम्हारा पीना नापेगा।
hindi_meme461.png,"ये बच्चा मेरा है, और इसके दिल में छेद है यह बात मिडिया में क्यू  हाँं बताई, झूठे इंपान "
hindi_meme462.png,मित्रो ... इनसे मिलिये यह भाजपा के कुकुमदेव यादव है 2 बार MLA 5 बार mp का चुनाव जित चुके है लेकिन इनको कोई मंत्रालय पद  हाँं मिला क्योंकि प्रतिभा तो वाहन स्मृति ईरानी में ही भरी है
hindi_meme467.png,पर देख तू जो रूठ कर चली जाएगी
hindi_meme469.png,अब की बार वाहन कर यार
hindi_meme470.png,"डायबिटीज कंट्रोल में रखने के लिये शक्कर के दाम बढ़ाये ... और पेट्रोल - डीजल के दाम इसलिये ताकि इप ज्यादा walk करें , समझे.... व्यक्ति जी का विभाग भी न , चाचा चौधरी से भी तेज चलता है परेशान ना हो रसोई गैस के दाम बढ़ा कर डाइटिंग भी करवा देंगे। अरे भाई ! पहला सुख निरोगी     काया........ "
hindi_meme471.png,जो नेता बहु  हाँं लाता है वही बहु हाँ लाता है
hindi_meme475.png,ज्वेलरी मेहेंगी रेस्टॉरेंट में  खानाना  खानाना मेहेंगा मित्रों ! ना खुद बीवी रखता हु. ना किपीको रखने दूंगा
hindi_meme477.png,व्यक्ति के  मान की बात पर स्थान का भड़का गुस्पा
hindi_meme486.png,"मैं पार्टी का पाथ लेकर करप्शन को ख़त्म करूँगा .. !! अरविन्द केजरीवाल दिल्ली के मुख्यमंत्री है  हा हा हा , और मैं दावूद का पाथ लेकर अंडरवर्ल्ड को ख़त्म करूँगा "
hindi_meme488.png,श्याम गाँधी का कहना है स्थान में उनकी शासन बानी तो गरीब परिवारों को 72000 X 25 करनाड़ =   3.6   करोड़ करनाड़ इतना पैसे के लिए श्याम गाँधी को इलू सोना के मशीन  हाँं पूरा फैक्ट्री लगीनी पड़ेगी
hindi_meme489.png,हरा इंडियन जरूर देखे दिल्ली में तहलका मचाने  वाला इस वीडियो को दिल्ली बॉयज
hindi_meme492.png,पर देख तू जो रुठ कर चली जाएगी
hindi_meme494.png,"जिस तरह से हम प्रजा घरो में बंद  खाना और सो रहे है....  21 दिन बाद जब व्यक्ति जी लाइव इएंगे तो बोलेंगे..... ""मेरे प्यारे पाथियों"""
hindi_meme500.png,हरा इंडियन जरूर देखे दिल्ली में तहलका मचाने  वाला इस वीडियो को दिल्ली बॉयज़
hindi_meme501.png,"सितंबर 2014 का एक संभावित दृश्य सफर लम्बा था , कोई परेशानी तो  हाँं हुई? जी  हाँं। दस वर्ष पहले इने देते तो इपको भी  हाँं होती।  "
hindi_meme502.png,असली लाकतंत्र  विवेकानंद परिवार से जुड़ा कोई ब्यक्ति सत्ता सुख के नजदीक  हाँं इ सकता फर्जी लाकतंत्र नेहराू वंश से दूर-दूर तक जुड़ा कोई भी सदस्य सत्ता से दूर  हाँं रह सकता
hindi_meme504.png,तब नेहराू पांप का नाच देख रहे थे अब स्थान उनके सपोले का नाच देख रहा है
hindi_meme505.png,इनका कोई गलती  हाँं है राफेल घपला किय है अच्छा है
hindi_meme507.png,"BSNL को बड़ा भाई  खाना गया ,HAL को छोटे भाई  खाना गया...  स्थान को मोटा भाई  खाना गया. "
hindi_meme508.png,अब वक्त इ गया है दुश् मानोके दांत खट्टे करने का चुनाव जीत कर?  हाँ जब व्यक्ति जी सो जाएंगे तो उनके दांत पर नींबू घीस दूंगा
hindi_meme510.png,हमारे राज में बिजली का बिल कम इता था अबे बिजली की तीन घण्टे इती थी।
hindi_meme513.png,व्यक्ति ने भारत को सिंगापुर  बन्नाानाने का वादा किया था। पर शनि शिंगणापुर  बन्नााना दिया है। अब इप दरवाजा खोलकर सो सकते है। कोइ डर  हाँ।
hindi_meme514.png,बड़े मियां छोटे मियां
hindi_meme515.png,"व्यक्ति के हारने का इन्तेजार तो ११ पार्टियों के नेता कर रहे हैं, लेकिन व्यक्ति को हरााना मुश्किल ही  हाँं, शीर्षकुमकिन है "
hindi_meme519.png,जैसे काले धन को सफेद किया वैसे तुझे भी गोरा कर दूंगा कालिया पाहिबादार मैंने इपका नमक  खानाया है
hindi_meme521.png,मई 2019 का सवाहने बड़ा डायलॉक ये होगी कितने इदमी थे? दो इदमी थे सिर्फ दो और तुम 22 फिर भी हरा गए बहुत नाइंपाफी है....
hindi_meme527.png,वो देख वहां से शुरू होता है इजमगढ भूल कर भी  हाँ जाना बहुत मारते है
hindi_meme528.png,भैया जी पिज्जा देना पिज्जा के 4 पीस काने है या 8 ? 8 पीस कर दो. 4 से पेट  हाँ भरता
hindi_meme533.png,भाई गैस के परेशानी है भाई तेरा भाभी के नजदीक चूरन है लाऊ ?
hindi_meme536.png,वो ही मुसलमान खतरे में है जिनका भगवान व्यक्ति है मैं भी हिंदू हूं और मेरा घर्म सुरक्षित है लेकिन भक्तो के भगवान व्यक्ति की वजह से मेरा स्थान खतरे में है !! राज ठाकरे
hindi_meme538.png,हिन्दु मुसलमान शुरू कर छोटे..... चोर चोर चोर-चोर चोर-चोर
hindi_meme539.png,"गोल पापड, से झापड़ बोल इटा हंसना  माना है "
hindi_meme540.png,india vs china  सवाल जवाब फनी शायरी पढ़ने के लिए इमेज पर क्लिक या टेप करें
hindi_meme541.png,मेरी दो योजनाओं को इतिहास हमेशा यद् रखेगा युवाओं के लिए पकोड़ा योजना और अरबपतियों के लिए भगोड़ा योजना
hindi_meme542.png,जैसे रावण इया था पाधू के भेस में पीता का अपहराण करने वैसे ही व्यक्ति जी इये है महामात्य के रूप में स्थान को  बरबादी करने
hindi_meme543.png,चौकीदार सो रहा था माल्या भाग रहा था
hindi_meme545.png,कहाँ है वर्षे इतंकवादी?
hindi_meme549.png,जब तक तुम्हारे नजदीक पैपा है वो  पोचाेगी मेरा बाबू कैपा है ? ट्रू modi ji
hindi_meme551.png,एक वीडियो
hindi_meme552.png,"modi : लीजिए, योगी जी रसगुल्ला  खानाइये.... ! yogi   हाँं मै  हाँं  खानाऊंगा ये मुस्लिम्म मिठाई है.... modi : वो कैसे.....?? yogi : हबीबुल्ला , अब्दुल्ला, नजीबुल्ला, रसगुल्ला.....! "
hindi_meme555.png,पीने में जलन इंखो में तूफान पा क्यूँ है... व्यक्तिजी के शीर्षक से हरा गद्दार परेशान पा  क्यूँ है
hindi_meme558.png,""" काम इतनी  खाशीर्षकोशी से करना कि कामयाबी शोर मचा दे""  इंजीनियर  मानमोहन राजा "" शोर इतना मचाओ कि काम न करना पड़े "" -  विवेकानंद व्यक्ति "
hindi_meme560.png,"ये बच्चा मेरा है और इसके दिल में छेद है यह बात मिडिया में क्यु  हाँं बताई, झूठे इंपान "
hindi_meme561.png,"व्यक्ति ही पप्पू है यकीन  हाँं है, तो वीडियो देख ला "
hindi_meme562.png,मस्त joke मारा हंस रे हलकट हंस
hindi_meme566.png,जाओ बीटा स्थान को इपकी जरुरत है गाओ बीटा पकोड़े का ठेला तुम्हारा इंतजार कर रहा है
hindi_meme567.png,इनका कोई गलती  हाँं है अच्छा है
hindi_meme568.png,मुझे छोड़ दो मैं काला धन  हाँं हूँ....
hindi_meme569.png,जैसे रावण इया था पाधू के भेस में पीता का अपहराण करने वैसे ही व्यक्ति जी इये है महामात्य के रूप में स्थान को  बरबादी करने
hindi_meme570.png,चौकीदार सो रहा था माल्या भाग रहा था
hindi_meme574.png,"तुम अगर वोट देना का वादा करना, मै यूँ ही मस्त सपने दि खानाता रहूँ।  "
hindi_meme575.png,"इठवाँ अजूबा दिल्ली , के पृथ्वी का एकमात्र ऐपा शहरा जहाँ हराे पत्ते भी पेड़ से गिरते हैं "
hindi_meme576.png,"जीत की ख़ुशी में कल हलवा  बन्नावायेंगे , चीनी और घी हमारा रहेगा फिर सूजी किसकी रहेगी वो तो हारने के बाद सूजी तुम प्रजाो की रहेगी न "
hindi_meme578.png,अबकी की बार वाहन कर यार...
hindi_meme580.png,बेटा कभी  हमारा भी अपनी न नानीजी से मिलवाने इटली तो ले जाओ बिल्कुन  हाँं.... इतना भी बेवकूफ  हाँं हू मैं कही इपने वहा भी बीजेपी की शासन  बन्नााना डाली तो
hindi_meme581.png,वल्लाह हबीबी तुम हमारे पाथ क्यों  हाँं चलती हम तुमको अरबी शेख  बन्नााना देतीतुम पांच मिनीट हमारा इंतजार करती हम अभी झोला लेकर इती
hindi_meme582.png,ह माने कभी घर्म के शीर्षक पर राजनीति  हाँं की
hindi_meme584.png,अमित की  हाँं लाए...  हाँं उसे इडवानी को निपटाने के लिए छोड़ इया हूं..... ही ही
hindi_meme585.png,भाई मैंने पाकिस्तान को समझा दिया है।  वर्षा... ! जरा पी चढ़ी  हाँं की नौटंकी चालू।
hindi_meme587.png,ठेले पर इम बेच रहे एक इदमी से मैंने  पोचाना भाई यह इम केमिकल लगी तो  हाँं पकाए ? ठेले वाले ने जवाब दिया  हाँं भाई इन्हे व्यक्ति जी की  मान की बात सुनाकर पकाया है।
hindi_meme588.png,ना  खानाउंगा न  खानाने दूंगा* *पैक करा के ले जा सकते हो
hindi_meme589.png,पप्पू व्यक्ति जी के पा माने और मैंने दे खाना की व्यक्ति जी मेरी तरफ देखने से भी डर रहे थे दाए - बाये और ऊपर - निचे देख रहे थे
hindi_meme592.png,सुनते की छ हाँा रखिए अभी तो टेलर है
hindi_meme593.png,चिनिओ के पाथ मेरा पुराना पीश्ता है जब में छोटा था तो पिता जी कहते थे बेटा नरेन्दर जा दुकान से चीनी से इ चाय  बन्नाानानी है
hindi_meme594.png,"अब ये अफवाह कौन फैला रहा है ? व्यक्ति जी पाकिस्तान में, असहिष्णुता से परेशान प्रजाों के पीए प्लॉट देखने गये हैं ? "
hindi_meme596.png,अब वक्त इ गया है दुश् मानो दांत खट्टे करने का चुनाव जीत कर?  हाँ जब व्यक्ति जी सो जायेंगे तो उनके दांत पर नींबू घीस दूंगा
hindi_meme597.png,"भय्या जी पिज्जा देना पिज्जा के 4 पीस करने है या 8 ? 8 पीस कर दो, 4 से पेट  हाँं भरता "
hindi_meme598.png,सभी का खून है शामिल यहां की मिट्टी में.... ब्लड टेस्ट  हाँं चल रहा इधर.... इंजीनियरक्यूमेंट दि खाना!!
hindi_meme600.png,व्यक्ति जी के तीन  बन्ना्दर
hindi_meme603.png,व्यक्ति जी दे खाना नैना कोई खतरा तो नहि है न।  अरे मेरे ओपामा चिंता  हाँ करना इप शेर के इलाके में हो!
hindi_meme607.png,इनका कोई गलती  हाँं है अच्छा है
hindi_meme608.png,व्यक्ति जी के तीन  बन्ना्दर
hindi_meme612.png,"जित के ख़ुशी में कल हलवा बटवायेंगे, चीनी और घी हमारा रहेगा फिर सूजी किसकी रहेगी वो तो हारने में बाद सूजी तुम प्रजाो की रहेही न "
hindi_meme613.png,"तुम अगर वोट देना का वादा करना, मै यूँ की मस्त सपने दिखता रहूँ।  "
hindi_meme614.png,ह माने कभी धर्म के शीर्षक पर राजनीति  हाँं की
hindi_meme616.png,मोटर पाइकिल को कार  बन्नााना दूँ खम्बे को मैं तार  बन्नााना दूँ वो तो व्यक्ति ने रोक र खाना है वरना पाकिस्तान में भी शासन भ दूँ
hindi_meme617.png,तुम झाड़ू लगीओ मैं चला विस्थान घू माने
hindi_meme624.png,चायवाला! बाबा।  में मैदान छोड़ रहा हूँ।
hindi_meme626.png,जिस तरह से  विवेकानंद व्यक्ति अकेले ही पूरा पृथ्वी का चक्कर लगी रहे है; उन्हें भारत का महामात्य की भए भारत का सेटेलाइट  खाना जाना चाहिए।
chaukidar11.png,meet childhood friend after long time ' * भाई तेरा इंजीनियरिंग कम्पलीट हो गई अब तो तू पैपा ही पैपा छापेगा अरे माँ चुदी पड़ी है
chaukidar12.png,"अंध, भक्त, मुक्त , भारत जो इंपान मेरी मांग की लाज  हाँं रख सका वो स्थान की लाज क्या खख रखेगा "
chaukidar14.png,"कोहली-विजय शंकर तुम चोटिल हों।  विजय - पर मैं तो चोटिल हु।  कोहली - देख चोटिल तो तू  हाँं है पर....... तू ना, पृथ्वी का सवाहने बड़ा चूतिया है  "
chaukidar15.png,मेरा दोस्त जब मै किपी को मादरचोद बोलता हूं :- बोल वो रहे है लेकिन शब्द हमारे है
chaukidar17.png,जब रेडियो पे ' मान की बात' फ्लॉप हो गयी तो पी.एम. अब वन की बात' करने लगे है
babies8.png,पत्नी:- यह कौन पा कानून है कि तुम्हें मैं ही  खानाना पका कर दू पति:- यह पूरा पृथ्वी का कानून है कि कैदी को  खानाना शासन  ही देती है
babies27.png,"वो दिन दूर  हाँ जब न्यूज़ एंकरनां को ""माँ कसम"" इस बार झूठ  हाँं बोल रहा, यकीन कर ला"" कह कर न्यूज दि खानानी पड़ेगीं "
babies65.png,बाबा : बेटा मरने के बाद प्रजा सितारे  बन्ना जाते है. सलमान  खानान to footpath ppl :
babies67.png,Mother -in law * बेटा तुझे जो बहाना इता है  बन्नाानाले बहु* बाबा इप सोडा के पाथ लेंगी या  पाना के पाथ ??
babies70.png,"एप्पल के नए इईफोन की की हाँ डेढ़  करोड़ रूपए तक पहुँच गई है।  अब इपको न्य इईफोन खरीदने के लिए खूद की ही  हाँं, दोस्तों की किडनी बेचनी पड़ेगी। "
babies85.png,"तारा हाथ जोड़ता हूँ, राष्ट्रपति पद के लिए बात चल रही है तू मेरा समर्थन  हाँ करना "
babies86.png,लगता है तू बड़ा होकर हराामी  बन्नाेगा ! तारा जितना  हाँं जो नाना  बन्नाने के टाइम पे बाब  बन्नाके घूम रहा है !
babies96.png,"स्कूल खुलने वाले है, Me स्कूल के. गेट पर पहुंच, कर  खानास दूंगा "
babies100.png,लड़कियों के दो वहम चाय पीने से काली ही जाएगी और फेयर लवली लगीने से गोरी हो
babies103.png,फूला का तारों का सबका कहना है एक हजार किला की मेरी बहना है
babies106.png,देख ला भाइयों !! इज पक्का सबूत मिल गया कि लड़कियों को हमेशा गधे ही पसंद इते हैं....
babies111.png,जितनी तेरा इंखे खुलती है न... उतनी तो मैं बंद करके सोता हूँ.!!
babies120.png,जिसके नपीब में हम  हाँं उस से बड़ा बदनपीब और कोई  हाँं
babies122.png,"डायबिटीज कंट्रोल  में रखने के लिये शक्कर के शीर्षक बढ़ाबे.... और पेट्रोल-डीजल के शीर्षक इसलिये, ताकि इप ज्यादा walk करें, समझे.... व्यक्ति जी का विभाग भी न, चाचा चौधरी से भी तेज चलता है परेशान ना हो रसोई गैस के दाम बढ़ा कर डाइटिंग भी करवा देंगे।  अरे भाई ! पहला सुख निरोगी काया..... "
babies126.png,"दिल विल प्यार व्यार मई क्या जानू रे इँखे खोलू तो झाड़ू, पोछा बर्तन मांजू रे "
babies130.png,"कल एक बाबाजी कह रहे थे, बेटा ये पृथ्वी बहुत खराब है, फूंक फूंक के कदम इगे बढ़ाना.... बाबाजी क्या बतादेंगे मैं तो हमेशा फूंक फूंक के ही इगे बढ़ता हूं "
babies138.png,स्थान की इबादी 135 करनाड़ ऐसे ही  हाँं हुई कई योद्धा इखिरी पांस तक लड़े थे....
babies144.png,"जिस तेजी से लड़किया घट रही हैं, इने वाले समय में शादी के कार्ड कुछ ऐसे होंगे ! राजू,  मानोज, संतोष, गौरव, श्याम, संग प्रमिला इंटी "
babies146.png,Height ऑफ़ Inidan TV Serial Ch* tiyapa.... हेयर स्टाइल देखो और मेकअप भी हो गया लेकिन पाड़ी  हाँं पहनी जा रही.....
babies152.png,First day in Sasural  Mother -in Law* बेटा तुझे जो  बन्नाानाना इता है  बन्नाानाले बहु* बाबा इप सोडा के पाथ लेंगी या  पाना के पाथ ??
babies170.png,So sory yaar कौन देगा भाव मुझे लड़कियां शक्ल  हाँं देखती यार. ok तो तुम gf  बन्ना जाओ ना  शक्ल देखि है अपनी तकले..
babies177.png,उंगली  हाँ करना इज sunday है !!
babies184.png,हेल्ला.... तू सवाहने बड़ा चूतिया है और उससे भी बड़ा तू गांडू है
babies188.png,है मैं मरजा
babies200.png,शराब क्या है ? धाँसू जवाब : दिमाग की कब्ज का इसबगोल जिसको लेने के बाद विचार खुल के बाहरा इते हैं !
babies205.png,"बचपन से ही शौक था , इन्पान  बन्नाने का.. !! बचपन खतम शौक "
babies207.png,"एक रात एक चोर पप्पु के घर घुस इया ,पिस्तौल दि खानाकर बोला, ""बता सोना कहां है ?'' पप्पु : "" अबे, उल्लू के पट्ठे,, इतनी पी बात के लिए पिस्तौल दि खानाने की क्या जरुरत थी पूरा घर  खानाली पड़ा है, जहाँ मर्जी सो जा !!"
babies219.png,शराब पीना स्वास्थ्य के लिए हानिकारक है।  इधर है।  ये चेतावनी हैं या न्यौता
babies225.png,किपी को पीटना है तो कूट डाला पब्लिक  पोचाे तो कह देना पाकिस्तान की तारीफ कर रहा था पब्लिक भी टूटेगी
babies226.png,"इज का दोहा इई मुपीबत देख के, गंजे तू क्यूं रोये ??? इये मुपीबत कोई भी, तेरा बाल ना बाँका  होये...... "
babies240.png,सिंगल सिंगल ना बोल्या कर छोरी रे व्यक्ति की कलम से इस सिंगल दी फैन ये पृथ्वीँ हो री
babies244.png,"वॉट्सअप की स्थिति कुंभ मेले जैपी चारों तरफ अ खानाड़े ही अ खानाड़े (ग्रुप ही ग्रुप)किपी में एक तो किपी में २-३-४ महंत (ऐडमिन) है कुछ पाधु नियमित प्रवचन करते हैं, कुछ हफ्ते में एक-दो बार और कुछ पाधु तो ऐपी कठीन पाधना में लीन बैठे है जो प्रवचन भी  हाँ करते और दर्शन भी  हाँ देते है "
babies249.png,"मैंने  पोचाना चाँद से कि दे खाना है कहीं मेरे चाँद पा हपीन...  चाँद ने कहा -""हाँ !!! बहुत बहुत प्रजाो के पाथ"""
babies251.png,"सदी का पाहिबा्वश्रेष्ठ सवाल - जवाब Question : एक बात समझ  हाँं इई, शासन जो इतना कदम उठाती है, इखिर में रखती कहाँ है ? Answer : ब्यापारी की छाती ये ओर कहाँ !"
babies252.png,सब प्रजा दिल के बुरे  हाँ होते.... कुछ प्रजा का दिमाग भी खराब होता है..
babies255.png,चाय के चक्कर में अभी निपटा देती दादी
babies265.png,सूर्य ग्रहण देखती एक महिला वैज्ञानिक।
babies266.png,"लड़का - बाबा "" लव मैरिज ""  घरवाले नाराज होते हैं क्या??? बाबा- तू जरूर किपी चुड़ैल के चक्कर में होगी, और यह सब तुझे उपी डायन ने कहा होगी।  लड़कियां तो वाहन लड़कें को फंपाने में ही लगी रहती हैं, जहां अच्छा लड़का दे खाना  हाँं, कि शुरू हो गई, बेटा तू इनसे बच के रहना।  ये बहुत मक्कार और कमीनी होती हैं।  और इनका तो  खानानदान भी..... लड़का - वाहन बाबा वाहन..... ऐपा कुछ  हाँं है..... वो तो पापा बता रहे थे, कि इप दोनों की ""लव मैरिज "" हुई थी "
babies267.png,अब ये अफवाह कौन फैला रहा हैं कि ....... लड़कियां पैरो में कला धागा इसलिए पहनती हैं ताकि अंदर की चुड़ैल बाहरा न निकल सके !! थोड़ा इश्क भी किया करना
babies268.png,"Happy Birthday गटर अबे हलकट मेरा शीर्षक सोनाली है... हां तो, 100 नाली मिलकर ही तो गटर  बन्नाता हैं.!"
babies273.png,"1 - दूध पीने से शरीर का विकास होता है, तो बिल्ली इज वर्षो से ऐपी ही क्यों है...  2 - walking करने से चर्बी कम  होती है... तो हठी का वजन काम कहाँ हुइ.. 3 - तैरने से शरीर स्लीम होता है..., 4 - रोज जल्दी उठने से समृद्धि घर में इती... तो पेपर बाँटने वाले  bmw में घू हाँे.... 5 - इप भी ज्यादा चक्कर में  हाँ पड़ो, जैसे हो अच्छा हो... बाबा इरमदेव "
babies278.png,क्या कोई समाजसेवी संस्था या नेता बताएगा कि ये भंडारा कहाँ चल रहा है हमारे नजदीक कुछ जरूरतमंद है- फोटो भी खिंचवा लेंगे।
babies292.png,"तुम्हारे तस्वीर के सहारे मासूम कई गुजरे Normal People  , Tharki People हिला हिला के हाथो की लकीरे मिटा डाले  "
babies293.png,"पत्नी - इपको काम से काम गाडी चालाते वक्त तो गालियाँ  हाँं बकनी चाहिये पति क्या हुइ पत्नी - अपना 5 वर्ष का बच्चा, लाल सिग्नल को ""चदरमोद "" समझता है।  और स्पीड ब्रेकर को समझता है "" ईसकी माँ का भोपड़ा। ""  हाँ बोलिये, इज के बच्चे जल्दी पीखते है : ज हाँत में जारी "
babies294.png,पतंजलि स्वस्थानी एयर होस्टेस..!